{"acc/cumulative_accuracy":57.004,"step":976,"_timestamp":1.773033745041475e+09,"_step":976,"_wandb":{"runtime":1616},"_runtime":1616,"acc/batch_accuracy":62.068963050842285}