{"_step":976,"_wandb":{"runtime":1519},"_runtime":1519,"acc/batch_accuracy":44.44444477558136,"acc/cumulative_accuracy":31.468,"step":976,"_timestamp":1.7729231791747909e+09}