{"step":976,"_timestamp":1.7729971329748743e+09,"_step":976,"acc/batch_accuracy":45.16128897666931,"_wandb":{"runtime":1550},"_runtime":1550,"acc/cumulative_accuracy":41.506}