{"_step":976,"_runtime":289,"_wandb":{"runtime":289},"acc/batch_accuracy":20.68965435028076,"acc/cumulative_accuracy":15.032,"step":976,"_timestamp":1.77286812389022e+09}