{"_timestamp":1.772913998561723e+09,"efficiency/vram_mb":1494.1591796875,"_runtime":1463,"efficiency/latency_ms":18.24498176574707,"acc/batch_accuracy":30.000001192092896,"odp_stats/batch_mean":12.508695602416992,"_step":976,"_wandb":{"runtime":1463},"step":976,"odp_stats/batch_std":2.546938419342041,"acc/cumulative_accuracy":31.696}