{"_step":976,"acc/batch_accuracy":46.42857313156128,"acc/cumulative_accuracy":32.2,"_wandb":{"runtime":1528},"_runtime":1528,"step":976,"_timestamp":1.772933895337847e+09}