{"_step":976,"efficiency/latency_ms":34.688711166381836,"_wandb":{"runtime":1570},"step":976,"odp_stats/pass_rate":0.8275861740112305,"_timestamp":1.7730305288722982e+09,"efficiency/vram_mb":6044.73583984375,"odp_stats/batch_std":0.004175793379545212,"acc/cumulative_accuracy":53.608,"odp_stats/threshold":0.020362835377454758,"_runtime":1570,"odp_stats/batch_mean":0.016187041997909546,"acc/batch_accuracy":60.71428656578064}