{"acc/cumulative_accuracy":56.830000000000005,"_wandb":{"runtime":1587},"acc/batch_accuracy":63.333338499069214,"efficiency/latency_ms":34.32655334472656,"odp_stats/pass_rate":0.884615421295166,"step":976,"_step":976,"_runtime":1587,"odp_stats/threshold":0.012150797061622143,"odp_stats/batch_std":0.0005708750686608255,"_timestamp":1.773006662392546e+09,"efficiency/vram_mb":6042.15771484375,"odp_stats/batch_mean":0.011579922400414944}