{"_step":976,"acc/batch_accuracy":32.258063554763794,"acc/cumulative_accuracy":27.61,"_wandb":{"runtime":1518},"_runtime":1518,"step":976,"_timestamp":1.7729385121194034e+09}