{"efficiency/vram_mb":6049.36865234375,"_step":976,"acc/cumulative_accuracy":51.188,"_runtime":1563,"acc/batch_accuracy":42.85714626312256,"odp_stats/threshold":0.013440168462693691,"odp_stats/batch_mean":0.01207718811929226,"step":976,"odp_stats/batch_std":0.001362980343401432,"odp_stats/pass_rate":0.9259259104728699,"_wandb":{"runtime":1563},"_timestamp":1.7730432925138872e+09,"efficiency/latency_ms":36.11445426940918}