{"acc/cumulative_accuracy":49.120000000000005,"step":976,"_wandb":{"runtime":1610},"_runtime":1610,"_timestamp":1.7729814811889923e+09,"_step":976,"acc/batch_accuracy":62.068963050842285}