{"_step":976,"acc/batch_accuracy":56.00000023841858,"acc/cumulative_accuracy":66.75,"step":976,"_wandb":{"runtime":1628},"_runtime":1628,"_timestamp":1.7730131404528708e+09}