{"acc/batch_accuracy":35.41666865348816,"acc/cumulative_accuracy":24.285037130668353,"step":122,"_timestamp":1.772904572407081e+09,"_wandb":{"runtime":184},"_runtime":184,"_step":122}