{"acc/cumulative_accuracy":5.678,"step":976,"_timestamp":1.772862940400752e+09,"_wandb":{"runtime":285},"_runtime":285,"_step":976,"acc/batch_accuracy":3.8461539894342422}