{"step":2,"efficiency/vram_mb":5178.46923828125,"odp_stats/batch_mean":0.04760689288377762,"odp_stats/threshold":0.05295268073678017,"_timestamp":1.7728571490752716e+09,"_step":3,"_wandb":{"runtime":6},"acc/batch_accuracy":11.320754885673523,"odp_stats/batch_std":0.005345787387341261,"efficiency/latency_ms":91.2623405456543,"_runtime":6.930958534,"acc/cumulative_accuracy":11.805555555555555,"odp_stats/pass_rate":0.9230769872665405}