{"_step":976,"acc/batch_accuracy":16.66666716337204,"acc/cumulative_accuracy":13.3,"step":976,"_timestamp":1.7729431542935762e+09,"_wandb":{"runtime":108},"_runtime":108}