{"acc/cumulative_accuracy":5.678,"step":976,"_timestamp":1.7728573354400105e+09,"_step":976,"acc/batch_accuracy":3.448275849223137,"_wandb":{"runtime":109},"_runtime":109}