{"_runtime":1501,"acc/batch_accuracy":44.44444477558136,"efficiency/latency_ms":33.10680389404297,"odp_stats/batch_mean":0.015301140025258064,"odp_stats/threshold":0.017229406163096428,"odp_stats/pass_rate":0.8695652484893799,"acc/cumulative_accuracy":27.566000000000003,"_wandb":{"runtime":1501},"odp_stats/batch_std":0.001928266603499651,"efficiency/vram_mb":6041.57958984375,"step":976,"_timestamp":1.7729400170066755e+09,"_step":976}