{"_timestamp":1.7728699407579331e+09,"_step":976,"acc/batch_accuracy":23.333334922790527,"acc/cumulative_accuracy":15.032,"step":976,"_wandb":{"runtime":288},"_runtime":288}