{"acc/cumulative_accuracy":30.43,"step":976,"_runtime":1512,"_wandb":{"runtime":1512},"_timestamp":1.7729109093875582e+09,"_step":976,"acc/batch_accuracy":38.70967626571655}