{"acc/batch_accuracy":70.37037014961243,"_wandb":{"runtime":1635},"_runtime":1635,"acc/cumulative_accuracy":66.534,"step":976,"_timestamp":1.7730098920748227e+09,"_step":976}