{"_timestamp":1.772935524936786e+09,"_step":976,"_runtime":108,"_wandb":{"runtime":108},"acc/batch_accuracy":3.2258063554763794,"acc/cumulative_accuracy":8.228,"step":976}