{"odp_stats/batch_std":0.0007286434411071241,"acc/cumulative_accuracy":47.346,"_runtime":1549,"_step":976,"acc/batch_accuracy":65.51724076271057,"odp_stats/threshold":0.011058897711336613,"odp_stats/pass_rate":0.875,"_wandb":{"runtime":1549},"efficiency/vram_mb":5936.55126953125,"_timestamp":1.7728749339039567e+09,"odp_stats/batch_mean":0.010330254212021828,"efficiency/latency_ms":35.730838775634766,"step":976}