{"_timestamp":1.7730289537591689e+09,"_step":976,"acc/batch_accuracy":70.96773982048035,"_wandb":{"runtime":1595},"_runtime":1595,"acc/cumulative_accuracy":53.510000000000005,"step":976}