{"_runtime":112,"step":976,"_timestamp":1.7729987792431479e+09,"_step":976,"acc/batch_accuracy":31.999999284744263,"acc/cumulative_accuracy":22.214,"_wandb":{"runtime":112}}