{"_wandb":{"runtime":1544},"acc/cumulative_accuracy":39.074,"_step":976,"odp_stats/pass_rate":0.884615421295166,"_timestamp":1.7728802153656988e+09,"_runtime":1544,"step":976,"acc/batch_accuracy":27.272728085517883,"odp_stats/batch_std":0.004647776950150728,"odp_stats/threshold":0.025198955088853836,"odp_stats/batch_mean":0.020551178604364395,"efficiency/latency_ms":34.96217727661133,"efficiency/vram_mb":5930.11376953125}