{"step":976,"_timestamp":1.7730050705379944e+09,"_runtime":1607,"_wandb":{"runtime":1607},"_step":976,"acc/batch_accuracy":62.962961196899414,"acc/cumulative_accuracy":56.572}