{"acc/cumulative_accuracy":29.214000000000002,"step":976,"_timestamp":1.772904383423831e+09,"_wandb":{"runtime":1524},"_runtime":1524,"_step":976,"acc/batch_accuracy":19.23076957464218}