{"efficiency/vram_mb":5929.67626953125,"_timestamp":1.7729028453739002e+09,"_wandb":{"runtime":59},"odp_stats/batch_mean":0.02428431250154972,"acc/batch_accuracy":23.52941334247589,"efficiency/latency_ms":84.6564769744873,"odp_stats/pass_rate":0.9047619104385376,"step":39,"_runtime":59.615557318,"odp_stats/threshold":0.03301089257001877,"odp_stats/batch_std":0.008726580999791622,"_step":40}