{"step":976,"acc/batch_accuracy":28.57142984867096,"_runtime":1518,"efficiency/vram_mb":6049.90380859375,"_wandb":{"runtime":1518},"odp_stats/pass_rate":0.782608687877655,"odp_stats/batch_mean":0.029917847365140915,"efficiency/latency_ms":33.74934196472168,"acc/cumulative_accuracy":30.046,"_step":976,"_timestamp":1.7729323628237112e+09,"odp_stats/batch_std":0.004795346409082413,"odp_stats/threshold":0.03471319377422333}