{"step":976,"_timestamp":1.7730148683475184e+09,"_wandb":{"runtime":109},"_runtime":109,"_step":976,"acc/batch_accuracy":3.448275849223137,"acc/cumulative_accuracy":4.222}