{"_wandb":{"runtime":109},"_runtime":109,"_step":976,"acc/batch_accuracy":7.999999821186066,"acc/cumulative_accuracy":14.318,"step":976,"_timestamp":1.7730226902130113e+09}