{"_wandb":{"runtime":1519},"_runtime":1519,"acc/batch_accuracy":31.034481525421143,"acc/cumulative_accuracy":28.970000000000002,"step":976,"_timestamp":1.772907886599663e+09,"_step":976}