{"acc/batch_accuracy":21.212121844291687,"_wandb":{"runtime":324},"_runtime":324,"acc/cumulative_accuracy":15.594,"step":976,"_timestamp":1.7728733803474736e+09,"_step":976}