{"acc/cumulative_accuracy":31.468,"step":976,"_timestamp":1.7729155302440035e+09,"_step":976,"acc/batch_accuracy":41.93548262119293,"_wandb":{"runtime":1527},"_runtime":1527}