{"step":976,"odp_stats/threshold":0.016623685136437416,"odp_stats/pass_rate":0.8399999737739563,"_timestamp":1.7729986618526223e+09,"acc/cumulative_accuracy":42.136,"efficiency/latency_ms":34.226417541503906,"odp_stats/batch_mean":0.013918237760663033,"_wandb":{"runtime":1524},"odp_stats/batch_std":0.00270544714294374,"_runtime":1524,"efficiency/vram_mb":6045.40771484375,"_step":976,"acc/batch_accuracy":50}