{"_runtime":1606,"acc/batch_accuracy":42.85714626312256,"acc/cumulative_accuracy":56.416,"step":976,"_timestamp":1.7730018625423517e+09,"_step":976,"_wandb":{"runtime":1606}}