{"_wandb":{"runtime":1598},"_runtime":1598,"acc/cumulative_accuracy":48.708,"step":976,"_timestamp":1.7729782739384768e+09,"_step":976,"acc/batch_accuracy":43.33333671092987}