{"_timestamp":1.7730386624524472e+09,"_step":976,"acc/batch_accuracy":23.333334922790527,"acc/cumulative_accuracy":34.544000000000004,"step":976,"_wandb":{"runtime":107},"_runtime":107}