{"_runtime":109,"step":976,"_timestamp":1.7729910154346242e+09,"_step":976,"acc/batch_accuracy":25.925925374031067,"acc/cumulative_accuracy":20.438000000000002,"_wandb":{"runtime":109}}