{"acc/cumulative_accuracy":32.076,"_step":976,"_runtime":1505,"efficiency/latency_ms":34.17682647705078,"odp_stats/batch_std":0.054859668016433716,"_timestamp":1.772924688887237e+09,"odp_stats/pass_rate":0.7083333730697632,"odp_stats/threshold":0.15730465948581696,"_wandb":{"runtime":1505},"step":976,"odp_stats/batch_mean":0.10244499146938324,"efficiency/vram_mb":6040.78271484375,"acc/batch_accuracy":35.71428656578064}