{"_timestamp":1.7729200750897553e+09,"odp_stats/pass_rate":0.8636363744735718,"acc/cumulative_accuracy":33.448,"_step":976,"odp_stats/threshold":0.08347220718860626,"odp_stats/batch_std":0.03025996685028076,"_wandb":{"runtime":1502},"_runtime":1502,"acc/batch_accuracy":25,"odp_stats/batch_mean":0.0532122440636158,"efficiency/vram_mb":6048.19677734375,"efficiency/latency_ms":33.72383117675781,"step":976}