{"_wandb":{"runtime":1547},"acc/cumulative_accuracy":47.802,"odp_stats/batch_mean":0.011498636566102505,"_timestamp":1.7728768141793537e+09,"efficiency/vram_mb":5936.55126953125,"_runtime":1547,"odp_stats/batch_std":0.0006084124324843287,"acc/batch_accuracy":37.5,"_step":976,"efficiency/latency_ms":35.162925720214844,"step":976,"odp_stats/pass_rate":0.8799999952316284,"odp_stats/threshold":0.012107049115002155}