{"_runtime":15,"step":40,"_timestamp":1.7728571125467908e+09,"_step":40,"acc/batch_accuracy":4.081632569432259,"acc/cumulative_accuracy":5.333333333333334,"_wandb":{"runtime":15}}