{"acc/cumulative_accuracy":29.198,"odp_stats/batch_mean":0.0133346663787961,"odp_stats/pass_rate":0.8461538553237915,"_wandb":{"runtime":1500},"odp_stats/threshold":0.014020221307873726,"efficiency/vram_mb":6041.57958984375,"odp_stats/batch_std":0.0006855552783235908,"_step":976,"acc/batch_accuracy":28.00000011920929,"_runtime":1500,"efficiency/latency_ms":34.41309928894043,"_timestamp":1.772943042209347e+09,"step":976}