{"_runtime":112,"acc/cumulative_accuracy":5.678,"step":976,"_timestamp":1.7729048946663222e+09,"_step":976,"acc/batch_accuracy":3.7037037312984467,"_wandb":{"runtime":112}}