{"acc/cumulative_accuracy":31.682,"efficiency/vram_mb":6049.90380859375,"_wandb":{"runtime":1512},"odp_stats/pass_rate":0.8399999737739563,"_timestamp":1.7729354128260338e+09,"odp_stats/batch_std":0.004077256191521883,"_step":976,"efficiency/latency_ms":34.3174934387207,"odp_stats/threshold":0.02131977118551731,"_runtime":1512,"step":976,"acc/batch_accuracy":32.14285969734192,"odp_stats/batch_mean":0.017242515459656715}