{"acc/cumulative_accuracy":32.588,"_wandb":{"runtime":1520},"_runtime":1520,"step":976,"_timestamp":1.7729262138019202e+09,"_step":976,"acc/batch_accuracy":24.13793057203293}