{"_wandb":{"runtime":1610},"step":976,"_runtime":1610,"_timestamp":1.7730147552011683e+09,"_step":976,"odp_stats/batch_std":0.001801521168090403,"odp_stats/batch_mean":0.014442557469010353,"odp_stats/pass_rate":0.8148148059844971,"efficiency/vram_mb":6044.40771484375,"odp_stats/threshold":0.016244078055024147,"acc/batch_accuracy":68.00000071525574,"efficiency/latency_ms":36.379098892211914,"acc/cumulative_accuracy":66.916}