{"_runtime":1520,"_timestamp":1.772871464690084e+09,"odp_stats/batch_std":0.0009299012017436326,"acc/batch_accuracy":37.037038803100586,"step":976,"odp_stats/batch_mean":0.013165137730538845,"_step":976,"efficiency/latency_ms":34.208059310913086,"odp_stats/threshold":0.01409503910690546,"odp_stats/pass_rate":0.9199999570846558,"_wandb":{"runtime":1520},"acc/cumulative_accuracy":31.712,"efficiency/vram_mb":5940.22314453125}