{"_runtime":1502,"acc/cumulative_accuracy":32.96,"odp_stats/batch_std":0.03280305862426758,"odp_stats/pass_rate":0.75,"step":976,"odp_stats/threshold":0.08715494722127914,"_timestamp":1.7729277207724872e+09,"_step":976,"odp_stats/batch_mean":0.054351888597011566,"efficiency/latency_ms":34.026384353637695,"_wandb":{"runtime":1502},"efficiency/vram_mb":6042.57568359375,"acc/batch_accuracy":36.666667461395264}