{"acc/batch_accuracy":47.999998927116394,"efficiency/vram_mb":6048.65771484375,"step":976,"_step":976,"odp_stats/batch_std":0.005066981073468924,"_runtime":1550,"_wandb":{"runtime":1550},"odp_stats/threshold":0.025175461545586586,"odp_stats/batch_mean":0.020108480006456375,"efficiency/latency_ms":34.80362892150879,"odp_stats/pass_rate":0.9130434989929199,"_timestamp":1.7730194662977254e+09,"acc/cumulative_accuracy":38.513999999999996}