{"step":976,"_timestamp":1.7729751965845273e+09,"_step":976,"acc/batch_accuracy":44.44444477558136,"_wandb":{"runtime":108},"_runtime":108,"acc/cumulative_accuracy":22.856}