{"odp_stats/batch_std":2.9622278213500977,"_timestamp":1.7729026042295887e+09,"_wandb":{"runtime":6},"acc/batch_accuracy":9.090908616781235,"odp_stats/batch_mean":13.831780433654785,"_step":1,"efficiency/latency_ms":22.736072540283203,"_runtime":6.155573,"efficiency/vram_mb":2167.8759765625,"step":0,"acc/cumulative_accuracy":9.090909090909092}