{"_step":976,"_wandb":{"runtime":109},"_runtime":109,"acc/batch_accuracy":20.000001788139343,"acc/cumulative_accuracy":22.992,"step":976,"_timestamp":1.7730306422997696e+09}