{"acc/batch_accuracy":24.13793057203293,"odp_stats/pass_rate":0.8399999737739563,"_timestamp":1.7728644475353472e+09,"acc/cumulative_accuracy":29.86,"odp_stats/batch_mean":0.059746015816926956,"_runtime":1503,"efficiency/latency_ms":34.714698791503906,"odp_stats/threshold":0.09214122593402863,"step":976,"_wandb":{"runtime":1503},"efficiency/vram_mb":5935.89501953125,"_step":976,"odp_stats/batch_std":0.03239521384239197}