{"_timestamp":1.772979864661921e+09,"acc/cumulative_accuracy":48.614000000000004,"acc/batch_accuracy":36.36363744735718,"_wandb":{"runtime":1586},"odp_stats/pass_rate":0.9583333730697632,"efficiency/latency_ms":44.69037055969238,"efficiency/vram_mb":6046.17333984375,"odp_stats/batch_mean":0.012178855948150158,"_runtime":1586,"_step":976,"step":976,"odp_stats/threshold":0.013375353068113327,"odp_stats/batch_std":0.0011964975856244564}