{"odp_stats/pass_rate":0.8965517282485962,"_timestamp":1.7730273541657689e+09,"efficiency/vram_mb":6044.73583984375,"_runtime":1580,"_step":976,"acc/batch_accuracy":48.38709533214569,"odp_stats/threshold":0.0224929079413414,"acc/cumulative_accuracy":53.657999999999994,"step":976,"odp_stats/batch_std":0.005145589355379343,"_wandb":{"runtime":1580},"odp_stats/batch_mean":0.017347319051623344,"efficiency/latency_ms":36.16166114807129}