{"acc/cumulative_accuracy":30.55,"efficiency/vram_mb":5940.22314453125,"_timestamp":1.7728696484308534e+09,"odp_stats/batch_mean":0.01715373620390892,"odp_stats/threshold":0.019178450107574463,"acc/batch_accuracy":29.032257199287415,"_wandb":{"runtime":1520},"odp_stats/pass_rate":0.8695652484893799,"_runtime":1520,"step":976,"_step":976,"efficiency/latency_ms":34.85679626464844,"odp_stats/batch_std":0.0020247134380042553}