{"_wandb":{"runtime":1558},"_runtime":1558,"acc/batch_accuracy":43.33333671092987,"acc/cumulative_accuracy":40.660000000000004,"step":976,"_timestamp":1.7729704441306393e+09,"_step":976}