{"_runtime":110,"acc/batch_accuracy":7.999999821186066,"acc/cumulative_accuracy":15.594,"step":976,"_timestamp":1.7728715787613556e+09,"_step":976,"_wandb":{"runtime":110}}