{"acc/cumulative_accuracy":47.07,"step":976,"_wandb":{"runtime":1561},"_runtime":1561,"_timestamp":1.7729893483681867e+09,"_step":976,"acc/batch_accuracy":59.99999642372131}