{"step":3,"acc/cumulative_accuracy":6.467661691542288,"_wandb":{"runtime":8},"odp_stats/pass_rate":0.8888888955116272,"_step":4,"_runtime":8.590701418,"acc/batch_accuracy":9.803921729326248,"odp_stats/batch_std":0.004454086069017649,"odp_stats/threshold":0.040641993284225464,"efficiency/latency_ms":38.568735122680664,"efficiency/vram_mb":5430.04541015625,"odp_stats/batch_mean":0.03618790581822395,"_timestamp":1.7728571926136339e+09}