{"efficiency/vram_mb":6046.93896484375,"odp_stats/threshold":0.016880689188838005,"efficiency/latency_ms":35.54415702819824,"_wandb":{"runtime":1537},"odp_stats/pass_rate":0.8888888955116272,"odp_stats/batch_std":0.0015787084121257067,"acc/batch_accuracy":37.037038803100586,"step":976,"odp_stats/batch_mean":0.015301980078220367,"acc/cumulative_accuracy":41.356,"_runtime":1537,"_timestamp":1.7729750844051843e+09,"_step":976}