{"acc/batch_accuracy":68.96551847457886,"_wandb":{"runtime":1567},"acc/cumulative_accuracy":51.852,"_runtime":1567,"odp_stats/pass_rate":0.8399999737739563,"_step":976,"odp_stats/threshold":0.015321178361773491,"_timestamp":1.7730464463883207e+09,"odp_stats/batch_std":0.0020513914059847593,"efficiency/vram_mb":6049.36865234375,"odp_stats/batch_mean":0.013269786722958088,"step":976,"efficiency/latency_ms":35.346269607543945}