{"_runtime":108,"_step":976,"acc/batch_accuracy":16.129031777381897,"acc/cumulative_accuracy":15.032,"step":976,"_timestamp":1.7728663511985133e+09,"_wandb":{"runtime":108}}