{"_timestamp":1.7729674086759274e+09,"_step":976,"_runtime":114,"_wandb":{"runtime":114},"acc/batch_accuracy":23.076924681663513,"acc/cumulative_accuracy":13.3,"step":976}