{"acc/batch_accuracy":14.28571492433548,"acc/cumulative_accuracy":28.754,"step":976,"_wandb":{"runtime":1516},"_runtime":1516,"_timestamp":1.7729415371397529e+09,"_step":976}