{"_step":976,"acc/batch_accuracy":58.62069129943848,"_wandb":{"runtime":1552},"_runtime":1552,"acc/cumulative_accuracy":41.339999999999996,"step":976,"_timestamp":1.7729735430730584e+09}