{"_step":976,"odp_stats/batch_std":0.0015844345325604081,"odp_stats/threshold":0.013928339816629887,"odp_stats/pass_rate":0.8333333730697632,"efficiency/latency_ms":34.5911979675293,"step":976,"odp_stats/batch_mean":0.012343904934823513,"acc/batch_accuracy":58.62069129943848,"_timestamp":1.7730115076566834e+09,"_wandb":{"runtime":1611},"acc/cumulative_accuracy":66.35799999999999,"_runtime":1611,"efficiency/vram_mb":6043.90771484375}