{"_step":976,"acc/batch_accuracy":11.538462340831757,"acc/cumulative_accuracy":4.222,"_wandb":{"runtime":108},"_runtime":108,"step":976,"_timestamp":1.772876926987385e+09}