{"odp_stats/batch_std":0.0017290221294388175,"_step":976,"efficiency/latency_ms":35.94088554382324,"_timestamp":1.7730353401971855e+09,"_wandb":{"runtime":1590},"odp_stats/threshold":0.01414103340357542,"odp_stats/pass_rate":0.8387096524238586,"odp_stats/batch_mean":0.012412011623382568,"acc/batch_accuracy":61.29032373428345,"step":976,"_runtime":1590,"acc/cumulative_accuracy":57.11000000000001,"efficiency/vram_mb":6038.84521484375}