{"efficiency/latency_ms":19.65475082397461,"_wandb":{"runtime":7},"acc/cumulative_accuracy":8.333333333333332,"_step":2,"odp_stats/batch_mean":13.791829109191895,"efficiency/vram_mb":2167.1259765625,"acc/batch_accuracy":7.6923079788684845,"_runtime":7.421089166,"odp_stats/batch_std":3.7962658405303955,"_timestamp":1.7728542649180095e+09,"step":1}