{"_timestamp":1.7725603487609172e+09,"_step":3907,"efficiency/latency_ms":34.28459167480469,"_wandb":{"runtime":6154},"odp_stats/batch_std":0.005474186968058348,"odp_stats/batch_mean":0.0189752709120512,"_runtime":6154,"acc/batch_accuracy":48.148149251937866,"odp_stats/threshold":0.024449458345770836,"efficiency/vram_mb":5929.80126953125,"odp_stats/pass_rate":0.9259259104728699,"step":976}