{"step":976,"odp_stats/pass_rate":0.8620689511299133,"_runtime":1587,"odp_stats/batch_mean":0.013194406405091286,"_wandb":{"runtime":1587},"acc/cumulative_accuracy":57.396,"_step":976,"efficiency/vram_mb":6038.84521484375,"acc/batch_accuracy":66.66666865348816,"efficiency/latency_ms":36.67044639587402,"_timestamp":1.7730385503350906e+09,"odp_stats/batch_std":0.0007562030223198235,"odp_stats/threshold":0.013950609602034092}