{"_runtime":1591,"_timestamp":1.7730034587445202e+09,"acc/cumulative_accuracy":56.952000000000005,"_step":976,"step":976,"odp_stats/batch_std":0.0011554810917004943,"efficiency/vram_mb":6042.15771484375,"odp_stats/threshold":0.013903152197599411,"_wandb":{"runtime":1591},"acc/batch_accuracy":54.83870506286621,"odp_stats/pass_rate":0.8214285969734192,"efficiency/latency_ms":35.442352294921875,"odp_stats/batch_mean":0.012747671455144882}