{"_wandb":{"runtime":1501},"_timestamp":1.772909391971256e+09,"_step":976,"odp_stats/threshold":0.1417693793773651,"efficiency/latency_ms":34.184932708740234,"odp_stats/batch_std":0.04389071464538574,"odp_stats/pass_rate":0.6818181872367859,"efficiency/vram_mb":6038.71240234375,"step":976,"odp_stats/batch_mean":0.09787865728139877,"_runtime":1501,"acc/batch_accuracy":34.61538553237915,"acc/cumulative_accuracy":29.599999999999998}