{"_timestamp":1.7730210280906038e+09,"_step":976,"acc/batch_accuracy":43.33333671092987,"acc/cumulative_accuracy":41.586,"_wandb":{"runtime":1557},"_runtime":1557,"step":976}