{"_runtime":6458,"efficiency/latency_ms":78.63426208496094,"_timestamp":1.7722041996559935e+09,"_step":3907,"efficiency/vram_mb":5935.94189453125,"odp_stats/batch_std":0.005017570685595274,"_wandb":{"runtime":6458},"odp_stats/pass_rate":0.8888888955116272,"step":976,"acc/batch_accuracy":41.37930870056152,"odp_stats/batch_mean":0.018008312210440636,"odp_stats/threshold":0.023025883361697197}