{"_step":17,"acc/batch_accuracy":5.000000447034836,"_wandb":{"runtime":8},"_runtime":8,"acc/cumulative_accuracy":6.595744680851063,"step":17,"_timestamp":1.772902555050536e+09}