{"_timestamp":1.7730448741774654e+09,"_step":976,"acc/batch_accuracy":74.19354915618896,"acc/cumulative_accuracy":51.296,"_wandb":{"runtime":1576},"_runtime":1576,"step":976}