{"_step":976,"step":976,"_timestamp":1.772995578150584e+09,"_wandb":{"runtime":1526},"odp_stats/pass_rate":0.8695652484893799,"acc/cumulative_accuracy":41.467999999999996,"efficiency/latency_ms":35.87627410888672,"_runtime":1526,"odp_stats/batch_mean":0.012428998947143555,"acc/batch_accuracy":32.258063554763794,"efficiency/vram_mb":6045.40771484375,"odp_stats/batch_std":0.0012520542368292809,"odp_stats/threshold":0.013681053183972836}