{"efficiency/latency_ms":34.01637077331543,"odp_stats/batch_std":0.0341806523501873,"acc/cumulative_accuracy":30.976,"efficiency/vram_mb":6041.45849609375,"odp_stats/threshold":0.10499724745750427,"_wandb":{"runtime":1502},"_step":976,"odp_stats/pass_rate":0.7368420958518982,"odp_stats/batch_mean":0.07081659883260727,"_timestamp":1.7729124169467382e+09,"_runtime":1502,"acc/batch_accuracy":37.931033968925476,"step":976}