{"odp_stats/batch_mean":0.017120907083153725,"_runtime":1549,"odp_stats/threshold":0.019643694162368774,"step":976,"acc/batch_accuracy":44.44444477558136,"_timestamp":1.7729909016689725e+09,"efficiency/vram_mb":6044.42333984375,"_wandb":{"runtime":1549},"efficiency/latency_ms":35.41111946105957,"_step":976,"acc/cumulative_accuracy":47.9,"odp_stats/pass_rate":0.8333333730697632,"odp_stats/batch_std":0.002522787544876337}