{"_wandb":{"runtime":6},"acc/cumulative_accuracy":5.077262693156733,"step":8,"_timestamp":1.7729021605084136e+09,"_step":8,"acc/batch_accuracy":1.8518518656492233,"_runtime":6}