{"efficiency/latency_ms":34.389495849609375,"odp_stats/threshold":0.11949969828128815,"_wandb":{"runtime":1508},"_runtime":1508,"step":976,"_timestamp":1.7729170443725557e+09,"acc/batch_accuracy":26.923078298568726,"odp_stats/pass_rate":0.6896551847457886,"odp_stats/batch_mean":0.07786688208580017,"acc/cumulative_accuracy":32.72,"odp_stats/batch_std":0.04163281247019768,"efficiency/vram_mb":6048.19677734375,"_step":976}