{"_runtime":324,"acc/batch_accuracy":13.333334028720856,"acc/cumulative_accuracy":15.594,"step":976,"_timestamp":1.7728752627992725e+09,"_step":976,"_wandb":{"runtime":324}}