{"step":8,"_timestamp":1.772857171037834e+09,"_step":8,"acc/batch_accuracy":3.9215687662363052,"acc/cumulative_accuracy":6.741573033707865,"_runtime":5,"_wandb":{"runtime":5}}