{"_step":976,"acc/batch_accuracy":63.999998569488525,"acc/cumulative_accuracy":53.356,"step":976,"_timestamp":1.7730257697196798e+09,"_wandb":{"runtime":1601},"_runtime":1601}