{"odp_stats/threshold":0.014794480986893177,"odp_stats/batch_std":0.0017030981834977865,"odp_stats/pass_rate":0.8888888955116272,"_runtime":1540,"odp_stats/batch_mean":0.013091382570564747,"_timestamp":1.772882027172126e+09,"step":976,"efficiency/vram_mb":5930.42626953125,"efficiency/latency_ms":34.92546081542969,"_wandb":{"runtime":1540},"_step":976,"acc/cumulative_accuracy":41.352,"acc/batch_accuracy":42.85714626312256}