{"step":976,"odp_stats/batch_std":0.003963072318583727,"acc/batch_accuracy":51.99999809265137,"odp_stats/batch_mean":0.01940109208226204,"acc/cumulative_accuracy":49.318,"_step":976,"efficiency/vram_mb":6046.17333984375,"efficiency/latency_ms":34.58452224731445,"_runtime":1583,"_timestamp":1.772983069281777e+09,"odp_stats/threshold":0.02336416393518448,"odp_stats/pass_rate":0.7916666865348816,"_wandb":{"runtime":1583}}