{"_step":976,"acc/batch_accuracy":8.695652335882187,"_wandb":{"runtime":109},"_runtime":109,"acc/cumulative_accuracy":6.442,"step":976,"_timestamp":1.7729201894383557e+09}