{"efficiency/vram_mb":6048.65771484375,"acc/cumulative_accuracy":40.912,"_step":976,"_wandb":{"runtime":1544},"step":976,"odp_stats/threshold":0.018332229927182198,"_runtime":1544,"acc/batch_accuracy":70.00000476837158,"odp_stats/batch_mean":0.016624798998236656,"efficiency/latency_ms":35.645246505737305,"odp_stats/batch_std":0.0017074309289455414,"odp_stats/pass_rate":0.8666667342185974,"_timestamp":1.7730225766664445e+09}