{"_wandb":{"runtime":1519},"_runtime":1519,"acc/batch_accuracy":26.923078298568726,"acc/cumulative_accuracy":32.688,"step":976,"_timestamp":1.7729185690109072e+09,"_step":976}