{"_wandb":{"runtime":15},"acc/cumulative_accuracy":5.744533148212426,"step":111,"_timestamp":1.772854239180509e+09,"_step":111,"acc/batch_accuracy":9.433962404727936,"_runtime":15}