{"_timestamp":1.7729719865168931e+09,"step":976,"odp_stats/batch_mean":0.014789021573960781,"odp_stats/pass_rate":0.8888888955116272,"efficiency/latency_ms":35.40444374084473,"acc/batch_accuracy":51.61290168762207,"_runtime":1538,"odp_stats/threshold":0.016104785725474358,"_wandb":{"runtime":1538},"odp_stats/batch_std":0.0013157633366063237,"acc/cumulative_accuracy":40.69,"efficiency/vram_mb":6037.02490234375,"_step":976}