{"acc/cumulative_accuracy":6.492000000000001,"step":976,"_timestamp":1.772912531918808e+09,"_runtime":110,"_wandb":{"runtime":110},"_step":976,"acc/batch_accuracy":6.25}