{"_step":976,"_runtime":1553,"_wandb":{"runtime":1553},"acc/batch_accuracy":35.71428656578064,"acc/cumulative_accuracy":40.538000000000004,"step":976,"_timestamp":1.772994047653429e+09}