{"step":976,"odp_stats/batch_std":0.0061697582714259624,"efficiency/vram_mb":6042.65771484375,"_step":976,"_runtime":1549,"_timestamp":1.77298778281377e+09,"odp_stats/batch_mean":0.01959073357284069,"odp_stats/threshold":0.02576049230992794,"_wandb":{"runtime":1549},"acc/cumulative_accuracy":47.626000000000005,"acc/batch_accuracy":44.44444477558136,"odp_stats/pass_rate":0.884615421295166,"efficiency/latency_ms":35.414695739746094}