{"odp_stats/batch_std":0.0037275413051247597,"_timestamp":1.772188492202696e+09,"odp_stats/threshold":0.024334657937288284,"efficiency/vram_mb":5941.23876953125,"odp_stats/batch_mean":0.0206071175634861,"_runtime":12419,"_step":7815,"step":976,"acc/batch_accuracy":44.11764740943909,"odp_stats/pass_rate":0.8611111044883728,"_wandb":{"runtime":12419},"efficiency/latency_ms":77.58331298828125}