{"odp_stats/batch_std":0.010179458186030388,"_timestamp":1.7728662385997865e+09,"efficiency/vram_mb":5936.80126953125,"odp_stats/batch_mean":0.020389873534440994,"odp_stats/threshold":0.030569331720471382,"odp_stats/pass_rate":0.8461538553237915,"acc/batch_accuracy":40.625,"step":976,"_runtime":1498,"efficiency/latency_ms":34.803152084350586,"_step":976,"acc/cumulative_accuracy":30.774,"_wandb":{"runtime":1498}}