{"_step":976,"acc/batch_accuracy":60.86956858634949,"acc/cumulative_accuracy":46.564,"step":976,"_timestamp":1.7729862294812012e+09,"_wandb":{"runtime":1567},"_runtime":1567}